{
  "user_id": "X4mKt0tVvma9zWbUIwfaVhpSN623",
  "job_description": "web developer",
  "cv_filename": "CV_2025.pdf",
  "ats_percentage": 80,
  "supabase_result": {
    "success": true,
    "file_url": "https://xafztwdrytnggitdbioc.supabase.co/storage/v1/object/public/cv-pdf/user_uploads/X4mKt0tVvma9zWbUIwfaVhpSN623_20250424_211526_CV_2025.pdf?",
    "supabase_data": [
      {
        "id": "18010d92-b2fb-4842-bd5a-bc9c353ec40f",
        "percentage_cv": 80,
        "file_name": "CV_2025.pdf",
        "job_description": "web developer",
        "analysis_result": "Based on the provided resume and assuming a typical web developer job description, I estimate a __75-80% match__.\n\n__Missing Keywords (Examples):__  The exact missing keywords depend heavily on the specific job description.\nHowever, based on common web developer job descriptions, some potentially missing keywords (and why they might be missing) could include:\n\n* __Specific JavaScript Frameworks:__  The resume mentions JavaScript, but doesn't list popular frameworks like React, Angular, or Vue.js.\n These are frequently required skills.\n* __Version Control (Git):__  Experience with Git (GitHub, GitLab, Bitbucket) is almost universally expected for collaborative development.\n Its absence is a significant gap.\n* __Testing Frameworks:__  Knowledge of testing frameworks (Jest, Mocha, Cypress, etc.) is highly valuable and often sought after.\n* __Agile Methodologies:__ Familiarity with Agile methodologies (Scrum, Kanban) is beneficial for team collaboration.\n* __Cloud Platforms (AWS, Azure, GCP):__  Experience with cloud platforms is increasingly common in web development roles.\n* __Database Technologies (Specific Databases):__ While the resume mentions database management, specifying particular databases (MySQL, PostgreSQL, MongoDB) would strengthen it.\n* __API Integrations:__  Experience with integrating APIs (REST, GraphQL) is crucial for many web applications.\n\n__Final Thoughts:__\n\nThe resume is well-structured and presents Mina Samy's skills and experience clearly.\nHowever, to improve the ATS scannability and the overall impression, incorporating some of the missing keywords listed above would significantly boost its effectiveness.\n The projects mentioned are relevant, but adding more detail about responsibilities and technologies used within each project will help to further demonstrate her skills and experience.\n Quantifying achievements (e.g., \"Increased website traffic by 20%\") whenever possible would also make the resume more impactful.\n Finally, tailoring the resume to each specific job description, highlighting the most relevant skills and experiences for that particular role, is crucial to maximize the chances of getting an interview.\n",
        "created_at": "2025-04-24T19:15:31.240204+00:00",
        "user_id": "X4mKt0tVvma9zWbUIwfaVhpSN623"
      }
    ]
  },
  "timestamp": "2025-04-24T21:15:31.313929"
}