{
    "ai_response": "Based on the provided resume and assuming a typical Web Developer job description, I estimate a __75-80% match__.\n\n__Missing Keywords (examples -  a real job description is needed for a precise analysis):__  The exact keywords that would be missing depend heavily on the specific job description.\n\n However, common missing keywords in web developer roles might include:  specific JavaScript frameworks (React, Angular, Vue.js), testing frameworks (Jest, Mocha, Cypress), version control systems (Git, GitHub, Bitbucket), agile methodologies (Scrum, Kanban), cloud platforms (AWS, Azure, GCP),  database technologies (MySQL, PostgreSQL, MongoDB), REST APIs, and SEO/SEM.\n\nThe resume mentions some of these skills indirectly, but not with the direct terminology often found in job postings.\n\n\n__Final Thoughts:__\n\nThe resume is well-organized and presents Mina Samy's skills and experience clearly.\n\n The inclusion of quantifiable achievements in each role is a strong point.\n\n However, to improve the ATS scannability and to increase the match percentage,  Mina should:\n\n* __Incorporate relevant keywords:__  Carefully review common web developer job descriptions and incorporate the specific technical keywords used in those descriptions into her resume.\n\n Don't just list them; weave them naturally into descriptions of her projects and accomplishments.\n* __Expand on project details:__  The resume mentions projects, but could benefit from providing more detail about technologies used, challenges overcome, and results achieved.\n\n Quantifiable results (e.g., \"Increased website traffic by 20%\") are particularly valuable.\n* __Tailor the resume:__  Create multiple versions of the resume, tailoring each to the specific requirements of individual job descriptions.\n\n This will significantly improve the chances of passing an ATS scan.\n* __Use a consistent format:__ While the current format is readable, using a standardized resume format can further improve ATS compatibility.\n\n\nBy addressing these points, Mina can significantly improve her resume's effectiveness in getting past ATS and attracting the attention of recruiters.\n",
    "analysis": {
        "ats_percentage": 80,
        "cv_percentage": 20,
        "overall_score": 56
    },
    "timestamp": "2025-04-24T19:11:43.307705"
}