{
  "user_id": "X4mKt0tVvma9zWbUIwfaVhpSN623",
  "job_description": "web developer",
  "cv_filename": "CV_2025.pdf",
  "ats_percentage": 15,
  "ai_response": "Based on the provided resume and the (missing) job description, a precise percentage match cannot be calculated.\n\n To determine a percentage match, I need the job description to compare the skills and experience listed on the resume against the requirements of the specific job.\n\nHowever, I can offer an analysis of the resume's content in relation to what a typical web developer job description might contain:\n\n**Missing Keywords (Hypothetical):**  Without a job description, I can only speculate on potentially missing keywords.\n\n Common keywords for web developer roles that might be missing (or not explicitly stated) include:  *Agile*, *Scrum*, *Git*, *REST APIs*, *JSON*, *XML*, *Testing (unit, integration, etc.)*, *Deployment (specific tools like AWS, Azure, etc.)*, *specific front-end frameworks (React, Angular, Vue.js)*, *back-end frameworks (Node.js, Django, Ruby on Rails)*, *Database technologies (MySQL, PostgreSQL, MongoDB)*.\n\nThe presence or absence of these keywords heavily influences the final score.\n\n**Final Thoughts:**\n\nThe resume is well-structured and presents Mina Samy's skills and experience clearly.\n\n The inclusion of a portfolio link is a significant plus.\n\n However, the lack of a job description prevents a precise evaluation.\n\n To improve the resume's effectiveness for ATS scanning, I recommend:\n\n* **Quantify accomplishments:** Instead of simply stating \"developed HR system,\"  add quantifiable results (e.g., \"Developed an HR system resulting in a 15% reduction in processing time\").\n* **Use keywords strategically:**  Review typical web developer job descriptions and incorporate relevant keywords naturally throughout the resume.\n\n Don't just list keywords; weave them into your descriptions of accomplishments.\n* **Tailor to each job:** Customize the resume for each job application by highlighting the skills and experience most relevant to the specific requirements.\n\nOnce the job description is provided, I can offer a more accurate assessment and percentage match.",
  "timestamp": "2025-04-24T19:26:24.499093",
  "supabase_success": false
}