{
  "user_id": "X4mKt0tVvma9zWbUIwfaVhpSN623",
  "job_description": "web developer",
  "cv_filename": "CV_2025.pdf",
  "ats_percentage": 90,
  "supabase_result": {
    "success": true,
    "file_url": "https://xafztwdrytnggitdbioc.supabase.co/storage/v1/object/public/cv-pdf/user_uploads/X4mKt0tVvma9zWbUIwfaVhpSN623_20250424_205854_CV_2025.pdf?",
    "supabase_data": [
      {
        "id": "e4fb427a-a1ba-4c7d-a0b5-06c958304162",
        "percentage_cv": 90,
        "file_name": "CV_2025.pdf",
        "job_description": "web developer",
        "analysis_result": "The resume has a strong match with a typical web developer job description.\n I estimate a __90% match__.\n\n__Missing Keywords (Potential):__\n\nWhile the resume is comprehensive, some job descriptions might emphasize specific technologies or methodologies not explicitly mentioned.\n These might include:\n\n* __Specific JavaScript frameworks:__  React, Angular, Vue.js are commonly sought-after.\n While the resume mentions JavaScript, specifying a framework would strengthen the application.\n* __Version control systems:__ Git is almost universally required.\nExplicitly stating proficiency in Git is crucial.\n* __Testing methodologies:__  Mentioning familiarity with unit testing, integration testing, or end-to-end testing frameworks would be beneficial.\n* __Agile methodologies:__  If the job description emphasizes Agile development (Scrum, Kanban, etc.), mentioning experience with these processes would improve the score.\n* __Cloud platforms:__  Experience with AWS, Azure, or Google Cloud Platform is often a plus for web developers.\n\n\n__Final Thoughts:__\n\nMina Samy's resume is well-structured, clearly presents relevant skills and experience, and demonstrates a strong understanding of web development technologies.\n The high percentage match indicates a strong candidacy.\nHowever, to further optimize the resume, incorporating the keywords listed above (where applicable to the specific job description) could enhance its effectiveness and improve the chances of passing an ATS scan and getting an interview.\n The inclusion of quantifiable achievements in each role would also boost the impact.\n For example, instead of \"Developed HR system,\" consider \"Developed an HR system resulting in a 15% reduction in administrative overhead.\"\n",
        "created_at": "2025-04-24T18:58:59.280128+00:00",
        "user_id": null
      }
    ]
  },
  "timestamp": "2025-04-24T20:58:59.372490"
}