{
  "user_id": "X4mKt0tVvma9zWbUIwfaVhpSN623",
  "job_description": "web developer",
  "cv_filename": "CV_2025.pdf",
  "ats_percentage": 80,
  "supabase_result": {
    "success": true,
    "file_url": "https://xafztwdrytnggitdbioc.supabase.co/storage/v1/object/public/cv-pdf/user_uploads/X4mKt0tVvma9zWbUIwfaVhpSN623_20250424_212014_CV_2025.pdf?",
    "supabase_data": [
      {
        "id": "ec0c11fa-00a2-4437-ac09-ca1b23dbc58f",
        "percentage_cv": 80,
        "file_name": "CV_2025.pdf",
        "job_description": "web developer",
        "analysis_result": "Based on the provided resume and assuming a generic web developer job description, I estimate a __75-80%__ match.\n\n__Missing Keywords (Examples):__  The exact missing keywords depend heavily on the specific job description.\nHowever, common web developer job descriptions often include terms like:  \"Agile,\" \"Scrum,\" \"REST APIs,\" \"JavaScript frameworks (React, Angular, Vue),\" \"Version control (Git),\" \"Testing (unit, integration),\" \"Deployment,\" \"Cloud platforms (AWS, Azure, GCP),\"  \"SEO,\"  and specific database technologies (e.g., MySQL, PostgreSQL, MongoDB).\n The resume lacks explicit mention of many of these.\nThe resume also doesn't quantify achievements or contributions using metrics (e.g., increased website traffic by X%, reduced page load time by Y%).\n\n\n__Final Thoughts:__\n\nThe resume is well-structured and presents Mina's skills and experience clearly.\n However, to maximize its effectiveness, especially with ATS, it needs to incorporate more industry-standard keywords, particularly those related to specific technologies and methodologies commonly used in web development.\n Quantifying achievements and showcasing a stronger understanding of software development lifecycle (SDLC) best practices would also significantly improve the resume's impact.\n Adding a projects section with more detail about the individual contributions to projects will enhance the resume as well.\n In short, while the resume is good, it could be greatly improved by incorporating the missing keywords and quantifying achievements.\n",
        "created_at": "2025-04-24T19:20:19.173853+00:00",
        "user_id": "X4mKt0tVvma9zWbUIwfaVhpSN623",
        "pdf_url": "https://xafztwdrytnggitdbioc.supabase.co/storage/v1/object/public/cv-pdf/user_uploads/X4mKt0tVvma9zWbUIwfaVhpSN623_20250424_212014_CV_2025.pdf?"
      }
    ]
  },
  "timestamp": "2025-04-24T21:20:19.261782"
}