{
  "user_id": "X4mKt0tVvma9zWbUIwfaVhpSN623",
  "job_description": "web developer",
  "cv_filename": "CV_2025.pdf",
  "ats_percentage": 80,
  "ai_response": "Based on the provided resume and assuming a generic web developer job description, I estimate a **75-80% match**.\n\n**Missing Keywords (Examples):**  The exact missing keywords depend heavily on the specific job description.\n\nHowever, common web developer job descriptions often include terms like:  \"Agile,\" \"REST APIs,\" \"JavaScript Frameworks (React, Angular, Vue),\" \"Version Control (Git),\" \"Testing Frameworks,\" \"Deployment,\"  \"Cloud Platforms (AWS, Azure, GCP),\" \"Databases (MySQL, PostgreSQL, MongoDB),\"  \"UI/UX,\" and specific front-end or back-end technologies.\n\n The resume lacks explicit mention of many of these.\n\nWhile some skills are implied (e.g., database management suggests SQL experience), a direct mention is more impactful for ATS parsing.\n\n**Final Thoughts:**\n\nThe resume is well-structured and presents a strong overview of Mina Samy's skills and experience.\n\n However, to maximize ATS compatibility and improve the chances of getting shortlisted, I recommend adding the keywords above mentioned or similar, based on the specific job requirements.\n\nThe resume demonstrates relevant projects and skills, but being more explicit about commonly sought-after technologies and methodologies would significantly boost its score.\n\n The addition of quantifiable achievements (e.g., \"Improved website load time by 20%\") would also significantly strengthen the resume.",
  "timestamp": "2025-04-24T19:26:53.797159",
  "supabase_success": false
}