{
  "user_id": "X4mKt0tVvma9zWbUIwfaVhpSN623",
  "job_description": "web developer",
  "cv_filename": "CV_2025.pdf",
  "ats_percentage": 85,
  "supabase_result": {
    "success": true,
    "file_url": "https://xafztwdrytnggitdbioc.supabase.co/storage/v1/object/public/cv-pdf/user_uploads/X4mKt0tVvma9zWbUIwfaVhpSN623_20250424_210824_CV_2025.pdf?",
    "supabase_data": [
      {
        "id": "5f54187d-3198-4529-aa5c-df596264e8ea",
        "percentage_cv": 85,
        "file_name": "CV_2025.pdf",
        "job_description": "web developer",
        "analysis_result": "Based on the provided resume and the implied job description of \"Web Developer,\" I estimate a __85% match__.\n\n__Missing Keywords:__  The resume is strong, but lacks specific keywords that many ATS systems look for, depending on the specific job posting.\n These might include (but are not limited to):  \n\n* Specific front-end technologies (React, Angular, Vue.js, jQuery)  The resume mentions \"front-end technologies,\" but doesn't name any specific frameworks or libraries.\n* Version Control Systems (Git, GitHub, Bitbucket) \u2013 Essential for collaborative development.\n* Testing frameworks (Jest, Mocha, Cypress) \u2013 Demonstrates experience in quality assurance.\n* Agile methodologies (Scrum, Kanban) \u2013  Many web development teams utilize agile approaches.\n* REST APIs \u2013 A fundamental aspect of modern web development.\n* Cloud platforms (AWS, Azure, GCP) \u2013  Increasingly important for web deployment.\n* Specific database technologies (MySQL, PostgreSQL, MongoDB) -  The resume mentions database management but not specific systems.\n\n\n__Final Thoughts:__\n\nMina Samy's resume is well-structured and showcases relevant experience and skills for a web developer position.\nThe inclusion of quantifiable achievements and a portfolio link further strengthens the application.\n However, incorporating the missing keywords above would significantly improve its chances of passing through Applicant Tracking Systems and attracting recruiter attention.\nAdding some project details to further illustrate her skills will also help to improve her resume.\n By addressing these minor gaps, the resume would achieve a much higher ATS compatibility score, increasing the probability of getting an interview call.\n",
        "created_at": "2025-04-24T19:08:27.926526+00:00",
        "user_id": "X4mKt0tVvma9zWbUIwfaVhpSN623"
      }
    ]
  },
  "timestamp": "2025-04-24T21:08:28.015295"
}