{
  "user_id": "X4mKt0tVvma9zWbUIwfaVhpSN623",
  "job_description": "web developer",
  "cv_filename": "CV_Mina.pdf",
  "ats_percentage": 75,
  "supabase_result": {
    "success": true,
    "file_url": "https://xafztwdrytnggitdbioc.supabase.co/storage/v1/object/public/cv-pdf/user_uploads/X4mKt0tVvma9zWbUIwfaVhpSN623_20250424_210944_CV_Mina.pdf?",
    "supabase_data": [
      {
        "id": "0f8787bd-d636-47c3-b24e-f4d4067bad41",
        "percentage_cv": 75,
        "file_name": "CV_Mina.pdf",
        "job_description": "web developer",
        "analysis_result": "Based on the provided resume and the implied job description of a Web Developer, I estimate a __75%__ match.\n\n__Missing Keywords:__  The resume is strong, but lacks specific mention of several key skills and technologies frequently sought in web developer roles.\n While the resume lists many technologies used, it lacks explicit mention of specific  front-end frameworks like React, Angular, or Vue.js.\n It also doesn't explicitly mention  version control systems (like Git),  testing frameworks (like Jest or Cypress), or experience with agile methodologies.\n The description of projects could also benefit from quantifiable results rather than just descriptions of tasks.\n\n__Final Thoughts:__\n\nMina Samy's resume is well-structured and highlights relevant skills and experience.\n However, to maximize its effectiveness in passing through an ATS and impressing a human recruiter, improvements are needed.\n Adding keywords related to popular front-end frameworks, version control, testing, agile methodologies, and quantifiable achievements in past roles would significantly improve the match percentage and increase the chances of getting selected for an interview.\n  The current skills section is good but could be further improved by grouping technologies together (e.g., \"Front-End Technologies: React, Angular, HTML, CSS, JavaScript\") to improve readability and ATS scanning.\n Stronger action verbs in the work experience section and quantifiable results would add further weight.\n",
        "created_at": "2025-04-24T19:09:48.443527+00:00",
        "user_id": "X4mKt0tVvma9zWbUIwfaVhpSN623"
      }
    ]
  },
  "timestamp": "2025-04-24T21:09:48.519533"
}