{
  "user_id": "X4mKt0tVvma9zWbUIwfaVhpSN623",
  "job_description": "web developer",
  "cv_filename": "CV_2025.pdf",
  "ats_percentage": 75,
  "supabase_result": {
    "success": true,
    "file_url": "https://xafztwdrytnggitdbioc.supabase.co/storage/v1/object/public/cv-pdf/user_uploads/X4mKt0tVvma9zWbUIwfaVhpSN623_20250424_210357_CV_2025.pdf?",
    "supabase_data": [
      {
        "id": "6d0d15d5-fc92-42d5-80c3-049ef5054081",
        "percentage_cv": 75,
        "file_name": "CV_2025.pdf",
        "job_description": "web developer",
        "analysis_result": "Based on the provided resume and the implied job description of a \"web developer,\" I estimate a __75% match__.\n\n__Missing Keywords:__  The resume lacks specific keywords that many web developer job descriptions frequently include.\n While the resume mentions many relevant technologies,  the lack of these specific terms could hinder its ATS scan performance.\n These missing or underrepresented keywords might include:\n\n* __Specific Front-End Frameworks:__  React, Angular, Vue.js (While Bootstrap is mentioned, these are more prevalent now)\n* __JavaScript Libraries:__ jQuery, etc.\n(While Javascript is listed under certifications, a more direct mention would be helpful)\n* __Version Control:__ Git, GitHub, Bitbucket (Crucial for collaborative development)\n* __Testing Frameworks:__ Jest, Mocha, Cypress, Selenium (Important for modern web dev)\n* __Agile Methodologies:__ Scrum, Kanban, Agile (Demonstrates familiarity with common development processes)\n* __Cloud Platforms:__ AWS, Azure, Google Cloud (Increasingly important for deployment and scaling)\n* __API Integration:__ REST, GraphQL (Web apps frequently interact with APIs)\n* __Database Technologies:__  More specific databases than just \"database management\".\n Examples: MySQL, PostgreSQL, MongoDB\n\n\n__Final Thoughts:__\n\nThe resume is well-structured and presents Mina Samy's skills and experience clearly.\nHowever,  to maximize its effectiveness with Applicant Tracking Systems, it's crucial to incorporate more specific and widely used keywords within the tech industry.\n The inclusion of the missing keywords above, where relevant to Mina Samy's experience, would significantly boost the resume's score in ATS scans and increase the likelihood of it being selected for review by a human recruiter.\n Simply adding a few bullet points to the technical skills section with these terms will greatly improve the resume's chances.\n",
        "created_at": "2025-04-24T19:04:00.86478+00:00",
        "user_id": null
      }
    ]
  },
  "timestamp": "2025-04-24T21:04:00.949917"
}