{
  "user_id": "X4mKt0tVvma9zWbUIwfaVhpSN623",
  "job_description": "web developer",
  "cv_filename": "CV_2025.pdf",
  "ats_percentage": 80,
  "supabase_result": {
    "success": true,
    "file_url": "https://xafztwdrytnggitdbioc.supabase.co/storage/v1/object/public/cv-pdf/user_uploads/X4mKt0tVvma9zWbUIwfaVhpSN623_20250424_210237_CV_2025.pdf?",
    "supabase_data": [
      {
        "id": "023319fd-4005-4c6b-9c37-b0b6edcb320b",
        "percentage_cv": 80,
        "file_name": "CV_2025.pdf",
        "job_description": "web developer",
        "analysis_result": "Based on the provided resume and assuming a typical web developer job description, I estimate a __75-80% match__.\n\n__Missing Keywords (examples, this depends heavily on the specific job description):__  The exact missing keywords depend entirely on the specific job description.\nHowever, common missing keywords in web developer roles might include specific front-end frameworks (React, Angular, Vue.js), back-end technologies beyond Laravel and PHP (Node.js, Python frameworks like Django/Flask), version control systems (Git), testing frameworks (Jest, Mocha, Cypress), cloud platforms (AWS, Azure, GCP), agile methodologies (Scrum, Kanban), and specific database technologies (MySQL, PostgreSQL, MongoDB).\n The resume mentions SQL Server, but other database systems are also often required.\n Finally,  the resume lacks quantifiable achievements \u2013 instead of just saying \"developed a project,\" it would be stronger to include metrics like \"reduced page load time by 20%.\"\n\n\n__Final Thoughts:__\n\nThe resume is well-structured and presents a strong overview of Mina Samy's skills and experience.\n The inclusion of a portfolio link is a significant plus.\nHowever, to improve the ATS compatibility and overall impact, the resume needs to incorporate more precise keywords tailored to the target job descriptions and quantify achievements using metrics whenever possible.\n Adding details around specific technologies mentioned (e.g., what version of PHP was used, which specific features of Laravel were utilized) would also strengthen the resume.\n Including projects with a strong focus on collaboration and problem-solving would further highlight skills valued by employers.\n The use of more action verbs and a more concise description of roles would make it even better.\n",
        "created_at": "2025-04-24T19:02:40.840266+00:00",
        "user_id": null
      }
    ]
  },
  "timestamp": "2025-04-24T21:02:40.914841"
}